timestamp_utc,timestamp_kst,upbit_btc_krw,date,binance_btc_usdt,upbit_usdt_krw,usdkrw,kimchi_premium(%)
2024-06-07 00:00:00+00:00,2024-06-07 09:00:00+09:00,97919000.0,2024-06-07,69355.6,1412.0,1366.7244968771686,3.3009838236048186
2024-06-08 00:00:00+00:00,2024-06-08 09:00:00+09:00,98125000.0,2024-06-08,69310.46,1416.0,1366.7244968771686,3.5857249629720402
2024-06-09 00:00:00+00:00,2024-06-09 09:00:00+09:00,97983000.0,2024-06-09,69648.14,1406.0,1366.7244968771686,2.9343273539968697
2024-06-10 00:00:00+00:00,2024-06-10 09:00:00+09:00,97276000.0,2024-06-10,69540.0,1399.0,1376.2508567511995,1.6420499294711048
2024-06-11 00:00:00+00:00,2024-06-11 09:00:00+09:00,95329000.0,2024-06-11,67314.24,1416.0,1379.3656207366982,2.668848945068486
2024-06-12 00:00:00+00:00,2024-06-12 09:00:00+09:00,95934000.0,2024-06-12,68263.99,1405.0,1374.5144804088586,2.242524545439152
2024-06-13 00:00:00+00:00,2024-06-13 09:00:00+09:00,94614000.0,2024-06-13,66773.01,1416.0,1373.9383561643835,3.130518646981211
2024-06-14 00:00:00+00:00,2024-06-14 09:00:00+09:00,93978000.0,2024-06-14,66043.99,1423.0,1382.1634452356732,2.951692939796904
2024-06-15 00:00:00+00:00,2024-06-15 09:00:00+09:00,93910000.0,2024-06-15,66228.25,1418.0,1382.1634452356732,2.590975235534482
2024-06-16 00:00:00+00:00,2024-06-16 09:00:00+09:00,94219000.0,2024-06-16,66676.87,1413.0,1382.1634452356732,2.236007955626169
2024-06-17 00:00:00+00:00,2024-06-17 09:00:00+09:00,93588000.0,2024-06-17,66504.33,1408.0,1380.1423246357167,1.9638837963697517
2024-06-18 00:00:00+00:00,2024-06-18 09:00:00+09:00,91649000.0,2024-06-18,65175.32,1408.0,1384.870218579235,1.5396080261922402
2024-06-19 00:00:00+00:00,2024-06-19 09:00:00+09:00,91555000.0,2024-06-19,64974.37,1411.0,1380.2802460697199,2.08753491799917
2024-06-20 00:00:00+00:00,2024-06-20 09:00:00+09:00,91780000.0,2024-06-20,64869.99,1416.0,1386.4261168384883,2.0487035145629444
2024-06-21 00:00:00+00:00,2024-06-21 09:00:00+09:00,90308000.0,2024-06-21,64143.56,1409.0,1389.3383613301337,1.3363219242920261
2024-06-22 00:00:00+00:00,2024-06-22 09:00:00+09:00,90874000.0,2024-06-22,64262.01,1415.0,1389.3383613301337,1.7834839219633918
2024-06-23 00:00:00+00:00,2024-06-23 09:00:00+09:00,89046000.0,2024-06-23,63210.01,1410.0,1389.3383613301337,1.3959314583092262
2024-06-24 00:00:00+00:00,2024-06-24 09:00:00+09:00,85496000.0,2024-06-24,60293.3,1415.0,1387.9173838209983,2.1675846876857916
2024-06-25 00:00:00+00:00,2024-06-25 09:00:00+09:00,87450000.0,2024-06-25,61806.01,1414.0,1389.9513212795548,1.7957192516757994
2024-06-26 00:00:00+00:00,2024-06-26 09:00:00+09:00,86027000.0,2024-06-26,60864.99,1414.0,1390.3036576949619,1.661744481995229
2024-06-27 00:00:00+00:00,2024-06-27 09:00:00+09:00,86884000.0,2024-06-27,61706.47,1408.0,1386.7217062263503,1.5359392582313098
2024-06-28 00:00:00+00:00,2024-06-28 09:00:00+09:00,85158000.0,2024-06-28,60427.84,1409.0,1378.4615384615383,2.233617756791782
2024-06-29 00:00:00+00:00,2024-06-29 09:00:00+09:00,85765000.0,2024-06-29,60986.68,1406.0,1378.4615384615383,2.018855504888251
2024-06-30 00:00:00+00:00,2024-06-30 09:00:00+09:00,87920000.0,2024-06-30,62772.01,1402.0,1378.4615384615383,1.6077866552305702
2024-07-01 00:00:00+00:00,2024-07-01 09:00:00+09:00,88253000.0,2024-07-01,62899.99,1405.0,1381.619937694704,1.5524274993149927
2024-07-02 00:00:00+00:00,2024-07-02 09:00:00+09:00,87248000.0,2024-07-02,62135.47,1406.0,1388.888888888889,1.0993559717179175
2024-07-03 00:00:00+00:00,2024-07-03 09:00:00+09:00,85331000.0,2024-07-03,60208.58,1418.0,1389.0239666550885,2.0325430965720885
2024-07-04 00:00:00+00:00,2024-07-04 09:00:00+09:00,81680000.0,2024-07-04,57050.01,1432.0,1380.4302567661348,3.7159463634951595
2024-07-05 00:00:00+00:00,2024-07-05 09:00:00+09:00,81118000.0,2024-07-05,56628.79,1432.0,1380.5720265085454,3.7578306407956674
2024-07-06 00:00:00+00:00,2024-07-06 09:00:00+09:00,82826000.0,2024-07-06,58230.13,1422.0,1380.5720265085454,3.02908882476477
2024-07-07 00:00:00+00:00,2024-07-07 09:00:00+09:00,79397000.0,2024-07-07,55857.81,1422.0,1380.5720265085454,2.958242181599169
2024-07-08 00:00:00+00:00,2024-07-08 09:00:00+09:00,80534000.0,2024-07-08,56714.62,1421.0,1383.4560112162635,2.6405307440149057
2024-07-09 00:00:00+00:00,2024-07-09 09:00:00+09:00,82043000.0,2024-07-09,58050.0,1414.0,1383.1109550561798,2.183856012265643
2024-07-10 00:00:00+00:00,2024-07-10 09:00:00+09:00,81896000.0,2024-07-10,57725.85,1417.0,1384.1605068637803,2.495759997585793
2024-07-11 00:00:00+00:00,2024-07-11 09:00:00+09:00,81070000.0,2024-07-11,57339.89,1414.0,1378.4058988764045,2.571379049000968
2024-07-12 00:00:00+00:00,2024-07-12 09:00:00+09:00,81540000.0,2024-07-12,57889.1,1409.0,1374.789029535865,2.456107346308212
2024-07-13 00:00:00+00:00,2024-07-13 09:00:00+09:00,82901000.0,2024-07-13,59204.02,1402.0,1374.789029535865,1.8526926275829383
2024-07-14 00:00:00+00:00,2024-07-14 09:00:00+09:00,85430000.0,2024-07-14,60797.91,1405.0,1374.789029535865,2.208190198648785
2024-07-15 00:00:00+00:00,2024-07-15 09:00:00+09:00,91162000.0,2024-07-15,64724.14,1406.0,1381.5602836879432,1.9477666216528633
2024-07-16 00:00:00+00:00,2024-07-16 09:00:00+09:00,90807000.0,2024-07-16,65043.99,1398.0,1384.4491675522495,0.8405345564666112
2024-07-17 00:00:00+00:00,2024-07-17 09:00:00+09:00,89467000.0,2024-07-17,64087.99,1397.0,1376.2723762723763,1.4335980022948713
2024-07-18 00:00:00+00:00,2024-07-18 09:00:00+09:00,89850000.0,2024-07-18,63987.92,1406.0,1383.174938401971,1.517982168818812
2024-07-19 00:00:00+00:00,2024-07-19 09:00:00+09:00,93004000.0,2024-07-19,66660.0,1397.0,1388.494018296974,0.48293342042953813
2024-07-20 00:00:00+00:00,2024-07-20 09:00:00+09:00,94065000.0,2024-07-20,67139.96,1402.0,1388.494018296974,0.9027420741604276
2024-07-21 00:00:00+00:00,2024-07-21 09:00:00+09:00,95000000.0,2024-07-21,68165.34,1397.0,1388.494018296974,0.3727878673829706
2024-07-22 00:00:00+00:00,2024-07-22 09:00:00+09:00,94357000.0,2024-07-22,67532.01,1398.0,1388.4493111974566,0.6316095205433079
2024-07-23 00:00:00+00:00,2024-07-23 09:00:00+09:00,92230000.0,2024-07-23,65936.01,1401.0,1386.2275449101799,0.9055424386700978
2024-07-24 00:00:00+00:00,2024-07-24 09:00:00+09:00,91501000.0,2024-07-24,65376.0,1398.0,1384.4374342797057,1.0960440365797757
2024-07-25 00:00:00+00:00,2024-07-25 09:00:00+09:00,92465000.0,2024-07-25,65799.95,1405.0,1382.3796231681786,1.6540033835574293
2024-07-26 00:00:00+00:00,2024-07-26 09:00:00+09:00,94727000.0,2024-07-26,67907.99,1396.0,1385.900140646976,0.6516661806587444
2024-07-27 00:00:00+00:00,2024-07-27 09:00:00+09:00,94292000.0,2024-07-27,67896.5,1391.0,1385.900140646976,0.2064141401377569
2024-07-28 00:00:00+00:00,2024-07-28 09:00:00+09:00,95363000.0,2024-07-28,68249.88,1397.0,1385.900140646976,0.8198562800578313
2024-07-29 00:00:00+00:00,2024-07-29 09:00:00+09:00,93618000.0,2024-07-29,66784.69,1399.0,1384.5292264613229,1.2465693908087092
2024-07-30 00:00:00+00:00,2024-07-30 09:00:00+09:00,92788000.0,2024-07-30,66188.0,1403.0,1384.4296710986705,1.2608706263492875
2024-07-31 00:00:00+00:00,2024-07-31 09:00:00+09:00,90345000.0,2024-07-31,64628.0,1398.0,1375.2252252252251,1.650513312896117
2024-08-01 00:00:00+00:00,2024-08-01 09:00:00+09:00,91789000.0,2024-08-01,65354.02,1405.0,1367.2964616970114,2.720149268768545
2024-08-02 00:00:00+00:00,2024-08-02 09:00:00+09:00,86691000.0,2024-08-02,61498.33,1410.0,1366.115702479339,3.1865772267057975
2024-08-03 00:00:00+00:00,2024-08-03 09:00:00+09:00,85957000.0,2024-08-03,60697.99,1415.0,1366.115702479339,3.661969700182551
2024-08-04 00:00:00+00:00,2024-08-04 09:00:00+09:00,81871000.0,2024-08-04,58161.0,1408.0,1366.115702479339,3.0411618007642875
2024-08-05 00:00:00+00:00,2024-08-05 09:00:00+09:00,77833000.0,2024-08-05,54018.81,1442.0,1364.7120055517003,5.579048907204458
2024-08-06 00:00:00+00:00,2024-08-06 09:00:00+09:00,80224000.0,2024-08-06,56022.01,1431.0,1376.5957446808509,4.025354108676763
2024-08-07 00:00:00+00:00,2024-08-07 09:00:00+09:00,78388000.0,2024-08-07,55134.16,1422.0,1374.3393602225312,3.4510343070458296
2024-08-08 00:00:00+00:00,2024-08-08 09:00:00+09:00,86397000.0,2024-08-08,61685.99,1402.0,1375.0869867780098,1.8549057635383206
2024-08-09 00:00:00+00:00,2024-08-09 09:00:00+09:00,85518000.0,2024-08-09,60837.99,1408.0,1364.7139903514817,3.0009035905370567
2024-08-10 00:00:00+00:00,2024-08-10 09:00:00+09:00,85669000.0,2024-08-10,60923.51,1407.0,1364.7139903514817,3.037932845094905
2024-08-11 00:00:00+00:00,2024-08-11 09:00:00+09:00,82815000.0,2024-08-11,58712.59,1410.0,1364.7139903514817,3.3561023997669976
2024-08-12 00:00:00+00:00,2024-08-12 09:00:00+09:00,83221000.0,2024-08-12,59346.64,1402.0,1371.111111111111,2.2737414846396926
2024-08-13 00:00:00+00:00,2024-08-13 09:00:00+09:00,84600000.0,2024-08-13,60587.15,1396.0,1370.3032415475775,1.8997583386876917
2024-08-14 00:00:00+00:00,2024-08-14 09:00:00+09:00,82457000.0,2024-08-14,58683.39,1403.0,1356.1782109293422,3.6085446654455096
2024-08-15 00:00:00+00:00,2024-08-15 09:00:00+09:00,81004000.0,2024-08-15,57541.06,1407.0,1356.1782109293422,3.8034635142298656
2024-08-16 00:00:00+00:00,2024-08-16 09:00:00+09:00,82209000.0,2024-08-16,58874.6,1397.0,1356.8340306834032,2.9116800898306634
2024-08-17 00:00:00+00:00,2024-08-17 09:00:00+09:00,82849000.0,2024-08-17,59491.99,1393.0,1356.8340306834032,2.636550380545808
2024-08-18 00:00:00+00:00,2024-08-18 09:00:00+09:00,81500000.0,2024-08-18,58427.35,1392.0,1356.8340306834032,2.805107618702279
2024-08-19 00:00:00+00:00,2024-08-19 09:00:00+09:00,81680000.0,2024-08-19,59438.5,1373.0,1337.0895264431385,2.774980054726059
2024-08-20 00:00:00+00:00,2024-08-20 09:00:00+09:00,80751000.0,2024-08-20,59013.8,1368.0,1332.3875432525952,2.6984206844546863
2024-08-21 00:00:00+00:00,2024-08-21 09:00:00+09:00,82900000.0,2024-08-21,61156.03,1356.0,1339.0625,1.2312029260322068
2024-08-22 00:00:00+00:00,2024-08-22 09:00:00+09:00,82003000.0,2024-08-22,60375.84,1357.0,1337.6000000000001,1.540733137895348
2024-08-23 00:00:00+00:00,2024-08-23 09:00:00+09:00,85600000.0,2024-08-23,64037.24,1337.0,1337.495652173913,-0.057828778713358155
2024-08-24 00:00:00+00:00,2024-08-24 09:00:00+09:00,85767000.0,2024-08-24,64157.01,1338.0,1337.495652173913,-0.04978681962444388
2024-08-25 00:00:00+00:00,2024-08-25 09:00:00+09:00,86254000.0,2024-08-25,64220.0,1342.0,1337.495652173913,0.419155400677097
2024-08-26 00:00:00+00:00,2024-08-26 09:00:00+09:00,84408000.0,2024-08-26,62834.0,1344.0,1325.1644167532017,1.3722618266132331
2024-08-27 00:00:00+00:00,2024-08-27 09:00:00+09:00,80950000.0,2024-08-27,59415.0,1360.0,1333.2521739130434,2.190012233338527
2024-08-28 00:00:00+00:00,2024-08-28 09:00:00+09:00,80569000.0,2024-08-28,59034.9,1365.0,1334.9151368202286,2.2363847705492925
2024-08-29 00:00:00+00:00,2024-08-29 09:00:00+09:00,80790000.0,2024-08-29,59359.01,1360.0,1335.2900552486187,1.9284322649729753
2024-08-30 00:00:00+00:00,2024-08-30 09:00:00+09:00,80439000.0,2024-08-30,59123.99,1361.0,1334.3922651933701,1.9575549601825024
2024-08-31 00:00:00+00:00,2024-08-31 09:00:00+09:00,80262000.0,2024-08-31,58973.99,1360.0,1334.3922651933701,1.9919628045181537
2024-09-01 00:00:00+00:00,2024-09-01 09:00:00+09:00,78301000.0,2024-09-01,57301.86,1367.0,1334.3922651933701,2.403564362872263
2024-09-02 00:00:00+00:00,2024-09-02 09:00:00+09:00,80205000.0,2024-09-02,59132.13,1357.0,1338.546712802768,1.3314805791852713
2024-09-03 00:00:00+00:00,2024-09-03 09:00:00+09:00,78272000.0,2024-09-03,57487.73,1361.0,1340.5264980949082,1.56775843103014
2024-09-04 00:00:00+00:00,2024-09-04 09:00:00+09:00,78739000.0,2024-09-04,57970.9,1357.0,1341.8081052996192,1.225385893858012
2024-09-05 00:00:00+00:00,2024-09-05 09:00:00+09:00,76330000.0,2024-09-05,56180.0,1359.0,1335.4267869535045,1.7404007916641748
2024-09-06 00:00:00+00:00,2024-09-06 09:00:00+09:00,73644000.0,2024-09-06,53962.97,1365.0,1329.0400552486187,2.6841600533591454
2024-09-07 00:00:00+00:00,2024-09-07 09:00:00+09:00,73640000.0,2024-09-07,54160.86,1359.0,1329.0400552486187,2.303421314332178
2024-09-08 00:00:00+00:00,2024-09-08 09:00:00+09:00,74437000.0,2024-09-08,54869.95,1356.0,1329.0400552486187,2.074256931287309
2024-09-09 00:00:00+00:00,2024-09-09 09:00:00+09:00,77275000.0,2024-09-09,57042.0,1355.0,1347.1671880431006,0.5594230465721672
2024-09-10 00:00:00+00:00,2024-09-10 09:00:00+09:00,78089000.0,2024-09-10,57635.99,1355.0,1344.3520443520442,0.7820277200525761
2024-09-11 00:00:00+00:00,2024-09-11 09:00:00+09:00,77301000.0,2024-09-11,57338.0,1350.0,1339.868829823956,0.6190674463976555
2024-09-12 00:00:00+00:00,2024-09-12 09:00:00+09:00,78269000.0,2024-09-12,58132.32,1347.0,1341.5262976968029,0.36283928289341666
2024-09-13 00:00:00+00:00,2024-09-13 09:00:00+09:00,80930000.0,2024-09-13,60498.0,1339.0,1327.5755494505493,0.7648998546207796
2024-09-14 00:00:00+00:00,2024-09-14 09:00:00+09:00,80524000.0,2024-09-14,59993.03,1343.0,1327.5755494505493,1.1032922944516699
2024-09-15 00:00:00+00:00,2024-09-15 09:00:00+09:00,79690000.0,2024-09-15,59132.0,1348.0,1327.5755494505493,1.5130819892689575
2024-09-16 00:00:00+00:00,2024-09-16 09:00:00+09:00,78469000.0,2024-09-16,58213.99,1347.0,1319.0803019903913,2.1879098266239754
2024-09-17 00:00:00+00:00,2024-09-17 09:00:00+09:00,81116000.0,2024-09-17,60313.99,1345.0,1317.1016483516482,2.1102110006244055
2024-09-18 00:00:00+00:00,2024-09-18 09:00:00+09:00,82604000.0,2024-09-18,61759.99,1340.0,1323.6024844720496,1.049992898558832
2024-09-19 00:00:00+00:00,2024-09-19 09:00:00+09:00,83892000.0,2024-09-19,62947.99,1333.0,1328.0902777777776,0.34854585757472895
2024-09-20 00:00:00+00:00,2024-09-20 09:00:00+09:00,84385000.0,2024-09-20,63201.05,1337.0,1334.157381615599,0.07691236158375662
2024-09-21 00:00:00+00:00,2024-09-21 09:00:00+09:00,84425000.0,2024-09-21,63348.96,1333.0,1334.157381615599,-0.10942422659129161
2024-09-22 00:00:00+00:00,2024-09-22 09:00:00+09:00,84829000.0,2024-09-22,63578.76,1336.0,1334.157381615599,0.0058097093420305225
2024-09-23 00:00:00+00:00,2024-09-23 09:00:00+09:00,84631000.0,2024-09-23,63339.99,1337.0,1338.8059701492539,-0.19924156526380804
2024-09-24 00:00:00+00:00,2024-09-24 09:00:00+09:00,85248000.0,2024-09-24,64262.7,1327.0,1335.8911754447156,-0.6988794416599395
2024-09-25 00:00:00+00:00,2024-09-25 09:00:00+09:00,84362000.0,2024-09-25,63152.01,1337.0,1330.43630017452,0.4073727458293137
2024-09-26 00:00:00+00:00,2024-09-26 09:00:00+09:00,86000000.0,2024-09-26,65173.99,1321.0,1329.6527777777778,-0.7601963313646494
2024-09-27 00:00:00+00:00,2024-09-27 09:00:00+09:00,86958000.0,2024-09-27,65769.95,1321.0,1313.0732375085558,0.6915627127211049
2024-09-28 00:00:00+00:00,2024-09-28 09:00:00+09:00,86732000.0,2024-09-28,65858.0,1316.0,1313.0732375085558,0.2955983266345231
2024-09-29 00:00:00+00:00,2024-09-29 09:00:00+09:00,85958000.0,2024-09-29,65602.01,1310.0,1313.0732375085558,-0.21156622042154627
2024-09-30 00:00:00+00:00,2024-09-30 09:00:00+09:00,83730000.0,2024-09-30,63327.59,1322.0,1311.1225540679714,0.8427875524613018
2024-10-01 00:00:00+00:00,2024-10-01 09:00:00+09:00,81500000.0,2024-10-01,60805.78,1340.0,1321.1229031153714,1.4540814734338396
2024-10-02 00:00:00+00:00,2024-10-02 09:00:00+09:00,81707000.0,2024-10-02,60649.28,1347.0,1319.9047294998297,2.0683350257299287
2024-10-03 00:00:00+00:00,2024-10-03 09:00:00+09:00,82424000.0,2024-10-03,60752.71,1357.0,1332.1135430916552,1.8466592354891052
2024-10-04 00:00:00+00:00,2024-10-04 09:00:00+09:00,83805000.0,2024-10-04,62086.0,1352.0,1340.1164782459746,0.7241711929207157
2024-10-05 00:00:00+00:00,2024-10-05 09:00:00+09:00,83956000.0,2024-10-05,62058.0,1354.0,1340.1164782459746,0.951183891968638
2024-10-06 00:00:00+00:00,2024-10-06 09:00:00+09:00,84533000.0,2024-10-06,62819.91,1346.0,1340.1164782459746,0.41218665963376094
2024-10-07 00:00:00+00:00,2024-10-07 09:00:00+09:00,83942000.0,2024-10-07,62224.0,1349.0,1347.296372347707,0.12862360027441375
2024-10-08 00:00:00+00:00,2024-10-08 09:00:00+09:00,84139000.0,2024-10-08,62160.49,1353.0,1348.627316403569,0.36700499359572186
2024-10-09 00:00:00+00:00,2024-10-09 09:00:00+09:00,82385000.0,2024-10-09,60636.02,1359.0,1345.1867077766358,1.0031436851259343
2024-10-10 00:00:00+00:00,2024-10-10 09:00:00+09:00,82131000.0,2024-10-10,60326.39,1362.0,1350.5490734385726,0.8067013984883986
2024-10-11 00:00:00+00:00,2024-10-11 09:00:00+09:00,84451000.0,2024-10-11,62540.0,1351.0,1349.0708878183068,0.09494586662169884
2024-10-12 00:00:00+00:00,2024-10-12 09:00:00+09:00,84956000.0,2024-10-12,63206.22,1346.0,1349.0708878183068,-0.3678580275294668
2024-10-13 00:00:00+00:00,2024-10-13 09:00:00+09:00,84806000.0,2024-10-13,62870.02,1349.0,1349.0708878183068,-0.011924265465215479
2024-10-14 00:00:00+00:00,2024-10-14 09:00:00+09:00,88640000.0,2024-10-14,66083.99,1342.0,1357.567380787837,-1.196553010029478
2024-10-15 00:00:00+00:00,2024-10-15 09:00:00+09:00,90600000.0,2024-10-15,67074.14,1353.0,1360.9688581314877,-0.7512839979547532
2024-10-16 00:00:00+00:00,2024-10-16 09:00:00+09:00,91610000.0,2024-10-16,67620.01,1356.0,1363.3160621761658,-0.6263822072170627
2024-10-17 00:00:00+00:00,2024-10-17 09:00:00+09:00,91725000.0,2024-10-17,67421.78,1361.0,1371.4581178903827,-0.8015338841606181
2024-10-18 00:00:00+00:00,2024-10-18 09:00:00+09:00,93330000.0,2024-10-18,68428.0,1364.0,1371.477900552486,-0.5514156854105644
2024-10-19 00:00:00+00:00,2024-10-19 09:00:00+09:00,93322000.0,2024-10-19,68378.0,1366.0,1371.477900552486,-0.4872266646195619
2024-10-20 00:00:00+00:00,2024-10-20 09:00:00+09:00,93901000.0,2024-10-20,69031.99,1360.0,1371.477900552486,-0.8184227832836569
2024-10-21 00:00:00+00:00,2024-10-21 09:00:00+09:00,92161000.0,2024-10-21,67377.5,1370.0,1376.773970231914,-0.6495955914685567
2024-10-22 00:00:00+00:00,2024-10-22 09:00:00+09:00,92877000.0,2024-10-22,67426.0,1378.0,1377.8776356723124,-0.029898852997567293
2024-10-23 00:00:00+00:00,2024-10-23 09:00:00+09:00,92375000.0,2024-10-23,66668.65,1385.0,1382.5189263592565,0.22168611690495058
2024-10-24 00:00:00+00:00,2024-10-24 09:00:00+09:00,94077000.0,2024-10-24,68198.28,1381.0,1378.448867536033,0.07356637993763895
2024-10-25 00:00:00+00:00,2024-10-25 09:00:00+09:00,93762000.0,2024-10-25,66698.33,1406.0,1389.257340241796,1.1880443212333418
2024-10-26 00:00:00+00:00,2024-10-26 09:00:00+09:00,93993000.0,2024-10-26,67092.76,1401.0,1389.257340241796,0.8410022354534873
2024-10-27 00:00:00+00:00,2024-10-27 09:00:00+09:00,94819000.0,2024-10-27,68021.7,1394.0,1389.257340241796,0.33794198467640385
2024-10-28 00:00:00+00:00,2024-10-28 09:00:00+09:00,97401000.0,2024-10-28,69962.21,1393.0,1384.5385674931129,0.5529550381571976
2024-10-29 00:00:00+00:00,2024-10-29 09:00:00+09:00,101305000.0,2024-10-29,72736.42,1393.0,1386.531174646917,0.4498564474909616
2024-10-30 00:00:00+00:00,2024-10-30 09:00:00+09:00,100571000.0,2024-10-30,72344.74,1391.0,1376.5576592082616,0.9883789610027193
2024-10-31 00:00:00+00:00,2024-10-31 09:00:00+09:00,98112000.0,2024-10-31,70292.01,1396.0,1378.018575851393,1.2887227556670977
2024-11-01 00:00:00+00:00,2024-11-01 09:00:00+09:00,97285000.0,2024-11-01,69496.01,1400.0,1378.018575851393,1.5853170281738191
2024-11-02 00:00:00+00:00,2024-11-02 09:00:00+09:00,97205000.0,2024-11-02,69374.74,1402.0,1378.018575851393,1.6792102004660858
2024-11-03 00:00:00+00:00,2024-11-03 09:00:00+09:00,95883000.0,2024-11-03,68775.99,1395.0,1378.018575851393,1.16952042363452
2024-11-04 00:00:00+00:00,2024-11-04 09:00:00+09:00,94289000.0,2024-11-04,67850.01,1390.0,1375.2673335632976,1.04713079532945
2024-11-05 00:00:00+00:00,2024-11-05 09:00:00+09:00,96170000.0,2024-11-05,69372.01,1388.0,1378.719008264463,0.5494211616788046
2024-11-06 00:00:00+00:00,2024-11-06 09:00:00+09:00,104085000.0,2024-11-06,75571.99,1379.0,1396.4568283453732,-1.3721027286222764
2024-11-07 00:00:00+00:00,2024-11-07 09:00:00+09:00,104115000.0,2024-11-07,75857.89,1375.0,1395.0293406972733,-1.6149290894868003
2024-11-08 00:00:00+00:00,2024-11-08 09:00:00+09:00,106843000.0,2024-11-08,76509.78,1397.0,1386.6920152091254,0.7045529560323146
2024-11-09 00:00:00+00:00,2024-11-09 09:00:00+09:00,106294000.0,2024-11-09,76677.46,1386.0,1386.6920152091254,-0.031996766259764914
2024-11-10 00:00:00+00:00,2024-11-10 09:00:00+09:00,111440000.0,2024-11-10,80370.01,1386.0,1386.6920152091254,-0.00758299392402863
2024-11-11 00:00:00+00:00,2024-11-11 09:00:00+09:00,124503000.0,2024-11-11,88647.99,1403.0,1386.6920152091254,1.2816827940456843
2024-11-12 00:00:00+00:00,2024-11-12 09:00:00+09:00,124967000.0,2024-11-12,87952.01,1422.0,1407.8613113628562,0.9228951754366875
2024-11-13 00:00:00+00:00,2024-11-13 09:00:00+09:00,128111000.0,2024-11-13,90375.2,1418.0,1397.6394115634623,1.4242981565093782
2024-11-14 00:00:00+00:00,2024-11-14 09:00:00+09:00,123572000.0,2024-11-14,87325.59,1418.0,1407.7868852459017,0.5174892475086703
2024-11-15 00:00:00+00:00,2024-11-15 09:00:00+09:00,128236000.0,2024-11-15,91032.07,1409.0,1394.4084555063077,1.0242271818541306
2024-11-16 00:00:00+00:00,2024-11-16 09:00:00+09:00,127071000.0,2024-11-16,90586.92,1405.0,1394.4084555063077,0.5983705761100477
2024-11-17 00:00:00+00:00,2024-11-17 09:00:00+09:00,126472000.0,2024-11-17,89855.99,1408.0,1394.4084555063077,0.9386159290400967
2024-11-18 00:00:00+00:00,2024-11-18 09:00:00+09:00,127142000.0,2024-11-18,90464.08,1405.0,1397.3074301295162,0.5821464904512608
2024-11-19 00:00:00+00:00,2024-11-19 09:00:00+09:00,129720000.0,2024-11-19,92310.79,1407.0,1394.9031600407748,0.7419641959683699
2024-11-20 00:00:00+00:00,2024-11-20 09:00:00+09:00,133180000.0,2024-11-20,94286.56,1414.0,1396.7391304347827,1.128582354260473
2024-11-21 00:00:00+00:00,2024-11-21 09:00:00+09:00,137050000.0,2024-11-21,98317.12,1398.0,1401.5598507968805,-0.5423385551953536
2024-11-22 00:00:00+00:00,2024-11-22 09:00:00+09:00,136879000.0,2024-11-22,98892.0,1387.0,1406.2647356012126,-1.5742852437504211
2024-11-23 00:00:00+00:00,2024-11-23 09:00:00+09:00,136000000.0,2024-11-23,97672.4,1394.0,1406.2647356012126,-0.9852346006960829
2024-11-24 00:00:00+00:00,2024-11-24 09:00:00+09:00,136096000.0,2024-11-24,97900.04,1392.0,1406.2647356012126,-1.145736333507757
2024-11-25 00:00:00+00:00,2024-11-25 09:00:00+09:00,129791000.0,2024-11-25,93010.01,1395.0,1400.8480325644502,-0.3852010030318591
2024-11-26 00:00:00+00:00,2024-11-26 09:00:00+09:00,128783000.0,2024-11-26,91965.16,1400.0,1397.5161619598503,0.20245634857391057
2024-11-27 00:00:00+00:00,2024-11-27 09:00:00+09:00,132999000.0,2024-11-27,95863.11,1389.0,1392.2528032619778,-0.3496656325650645
2024-11-28 00:00:00+00:00,2024-11-28 09:00:00+09:00,133138000.0,2024-11-28,95643.98,1393.0,1396.620006828269,-0.3296164226264462
2024-11-29 00:00:00+00:00,2024-11-29 09:00:00+09:00,134542000.0,2024-11-29,97460.0,1383.0,1396.2328767123288,-1.1279332927337942
2024-11-30 00:00:00+00:00,2024-11-30 09:00:00+09:00,133701000.0,2024-11-30,96407.99,1388.0,1396.2328767123288,-0.6738122404381991
2024-12-01 00:00:00+00:00,2024-12-01 09:00:00+09:00,133802000.0,2024-12-01,97185.18,1378.0,1396.2328767123288,-1.393691233904642
2024-12-02 00:00:00+00:00,2024-12-02 09:00:00+09:00,133535000.0,2024-12-02,95840.62,1397.0,1404.437564499484,-0.7928304255698734
2024-12-03 00:00:00+00:00,2024-12-03 09:00:00+09:00,133700000.0,2024-12-03,95849.69,1400.0,1402.1649484536085,-0.5186687543865953
2024-12-04 00:00:00+00:00,2024-12-04 09:00:00+09:00,138760000.0,2024-12-04,98587.32,1409.0,1414.3005540166207,-0.4820276598943498
2024-12-05 00:00:00+00:00,2024-12-05 09:00:00+09:00,137501000.0,2024-12-05,96945.63,1417.0,1417.4764068507513,0.06029533345782792
2024-12-06 00:00:00+00:00,2024-12-06 09:00:00+09:00,139340000.0,2024-12-06,99740.84,1398.0,1419.9577613516365,-1.6153468504852588
2024-12-07 00:00:00+00:00,2024-12-07 09:00:00+09:00,138960000.0,2024-12-07,99831.99,1393.0,1419.9577613516365,-1.9732393511316046
2024-12-08 00:00:00+00:00,2024-12-08 09:00:00+09:00,141005000.0,2024-12-08,101109.59,1397.0,1419.9577613516365,-1.7875064349530505
2024-12-09 00:00:00+00:00,2024-12-09 09:00:00+09:00,138864000.0,2024-12-09,97276.47,1427.0,1432.054015636105,-0.31668567913703016
2024-12-10 00:00:00+00:00,2024-12-10 09:00:00+09:00,138205000.0,2024-12-10,96593.0,1433.0,1430.7203389830509,0.005376575453623412
2024-12-11 00:00:00+00:00,2024-12-11 09:00:00+09:00,143111000.0,2024-12-11,101125.0,1417.0,1431.571529245948,-1.1443652334491985
2024-12-12 00:00:00+00:00,2024-12-12 09:00:00+09:00,142757000.0,2024-12-12,100004.29,1428.0,1431.4827828531272,-0.2776158418758697
2024-12-13 00:00:00+00:00,2024-12-13 09:00:00+09:00,144402000.0,2024-12-13,101424.25,1425.0,1434.4366197183099,-0.7455380032328563
2024-12-14 00:00:00+00:00,2024-12-14 09:00:00+09:00,145927000.0,2024-12-14,101420.0,1439.0,1434.4366197183099,0.30687125628195516
2024-12-15 00:00:00+00:00,2024-12-15 09:00:00+09:00,149243000.0,2024-12-15,104463.99,1430.0,1434.4366197183099,-0.40305965947341865
2024-12-16 00:00:00+00:00,2024-12-16 09:00:00+09:00,153403000.0,2024-12-16,106058.66,1447.0,1434.6181046676097,0.8210949995955871
2024-12-17 00:00:00+00:00,2024-12-17 09:00:00+09:00,155223000.0,2024-12-17,106133.74,1463.0,1439.001062699256,1.634578344313027
2024-12-18 00:00:00+00:00,2024-12-18 09:00:00+09:00,147754000.0,2024-12-18,100204.01,1477.0,1437.4026893135174,2.5830700486172984
2024-12-19 00:00:00+00:00,2024-12-19 09:00:00+09:00,147474000.0,2024-12-19,97461.86,1513.0,1449.345132743363,4.402031203655278
2024-12-20 00:00:00+00:00,2024-12-20 09:00:00+09:00,148138000.0,2024-12-20,97805.44,1514.0,1449.8585572843,4.466688844527029
2024-12-21 00:00:00+00:00,2024-12-21 09:00:00+09:00,147830000.0,2024-12-21,97291.99,1521.0,1449.8585572843,4.79965530814108
2024-12-22 00:00:00+00:00,2024-12-22 09:00:00+09:00,144800000.0,2024-12-22,95186.27,1521.0,1449.8585572843,4.922496838214499
2024-12-23 00:00:00+00:00,2024-12-23 09:00:00+09:00,142901000.0,2024-12-23,94881.47,1506.0,1451.6129032258063,3.753568648452763
2024-12-24 00:00:00+00:00,2024-12-24 09:00:00+09:00,146831000.0,2024-12-24,98663.58,1488.0,1459.9574014909479,1.934383975173002
2024-12-25 00:00:00+00:00,2024-12-25 09:00:00+09:00,148081000.0,2024-12-25,99429.6,1492.0,1459.9574014909479,2.0101678428787166
2024-12-26 00:00:00+00:00,2024-12-26 09:00:00+09:00,144076000.0,2024-12-26,95791.6,1505.0,1459.9574014909479,3.020589614497799
2024-12-27 00:00:00+00:00,2024-12-27 09:00:00+09:00,142111000.0,2024-12-27,94299.03,1507.0,1476.646275638719,2.057281463624477
2024-12-28 00:00:00+00:00,2024-12-28 09:00:00+09:00,142302000.0,2024-12-28,95300.0,1494.0,1476.646275638719,1.1210636129697238
2024-12-29 00:00:00+00:00,2024-12-29 09:00:00+09:00,139735000.0,2024-12-29,93738.2,1493.0,1476.646275638719,0.9513463028815495
2024-12-30 00:00:00+00:00,2024-12-30 09:00:00+09:00,137892000.0,2024-12-30,92792.05,1486.0,1474.442044636429,0.7860894501468639
2024-12-31 00:00:00+00:00,2024-12-31 09:00:00+09:00,139257000.0,2024-12-31,93576.0,1491.0,1471.546465733764,1.1296672075434768
2025-01-01 00:00:00+00:00,2025-01-01 09:00:00+09:00,141320000.0,2025-01-01,94591.79,1493.0,1471.546465733764,1.5257496400535662
2025-01-02 00:00:00+00:00,2025-01-02 09:00:00+09:00,143848000.0,2025-01-02,96984.79,1484.0,1464.2628774422737,1.2933993716946375
2025-01-03 00:00:00+00:00,2025-01-03 09:00:00+09:00,144655000.0,2025-01-03,98174.18,1473.0,1470.4923839886646,0.20130727373804733
2025-01-04 00:00:00+00:00,2025-01-04 09:00:00+09:00,144745000.0,2025-01-04,98220.5,1474.0,1470.4923839886646,0.2163659872232536
2025-01-05 00:00:00+00:00,2025-01-05 09:00:00+09:00,144700000.0,2025-01-05,98363.61,1473.0,1470.4923839886646,0.03944930434808634
2025-01-06 00:00:00+00:00,2025-01-06 09:00:00+09:00,150264000.0,2025-01-06,102235.6,1469.0,1470.4923839886646,-0.04833895279490906
2025-01-07 00:00:00+00:00,2025-01-07 09:00:00+09:00,144789000.0,2025-01-07,96954.61,1494.0,1446.7707594038325,3.220838385167974
2025-01-08 00:00:00+00:00,2025-01-08 09:00:00+09:00,142368000.0,2025-01-08,95060.61,1498.0,1459.569209039548,2.60938728606127
2025-01-09 00:00:00+00:00,2025-01-09 09:00:00+09:00,139740000.0,2025-01-09,92552.49,1511.0,1462.5924621345546,3.230801842500379
2025-01-10 00:00:00+00:00,2025-01-10 09:00:00+09:00,142457000.0,2025-01-10,94726.11,1506.0,1467.5761871013465,2.4739400850792044
2025-01-11 00:00:00+00:00,2025-01-11 09:00:00+09:00,141771000.0,2025-01-11,94599.99,1497.0,1467.5761871013465,2.116437649114637
2025-01-12 00:00:00+00:00,2025-01-12 09:00:00+09:00,142086000.0,2025-01-12,94545.06,1504.0,1467.5761871013465,2.4027901909878606
2025-01-13 00:00:00+00:00,2025-01-13 09:00:00+09:00,142108000.0,2025-01-13,94536.1,1505.0,1471.3483146067417,2.1657551217409257
2025-01-14 00:00:00+00:00,2025-01-14 09:00:00+09:00,143501000.0,2025-01-14,96560.86,1486.0,1462.7106741573034,1.6003892380403542
2025-01-15 00:00:00+00:00,2025-01-15 09:00:00+09:00,147309000.0,2025-01-15,100497.35,1466.0,1458.877515001765,0.4744969608869107
2025-01-16 00:00:00+00:00,2025-01-16 09:00:00+09:00,146670000.0,2025-01-16,99987.3,1468.0,1457.8817733990147,0.6176441275756092
2025-01-17 00:00:00+00:00,2025-01-17 09:00:00+09:00,152345000.0,2025-01-17,104077.48,1467.0,1457.8762306610408,0.40394605002215966
2025-01-18 00:00:00+00:00,2025-01-18 09:00:00+09:00,155801000.0,2025-01-18,104556.23,1490.0,1457.8762306610408,2.2114784333365924
2025-01-19 00:00:00+00:00,2025-01-19 09:00:00+09:00,154000000.0,2025-01-19,101331.57,1522.0,1457.8762306610408,4.245014495987791
2025-01-20 00:00:00+00:00,2025-01-20 09:00:00+09:00,153225000.0,2025-01-20,102260.01,1500.0,1450.8778089887642,3.2744666753527554
2025-01-21 00:00:00+00:00,2025-01-21 09:00:00+09:00,157571000.0,2025-01-21,106143.82,1486.0,1441.634514205542,2.973721045045201
2025-01-22 00:00:00+00:00,2025-01-22 09:00:00+09:00,154999000.0,2025-01-22,103706.66,1494.0,1431.1971830985917,4.429398368567538
2025-01-23 00:00:00+00:00,2025-01-23 09:00:00+09:00,155112000.0,2025-01-23,103910.34,1493.0,1437.7217885024838,3.8273518431537603
2025-01-24 00:00:00+00:00,2025-01-24 09:00:00+09:00,157146000.0,2025-01-24,104870.5,1500.0,1430.9557774607704,4.718588532618789
2025-01-25 00:00:00+00:00,2025-01-25 09:00:00+09:00,157200000.0,2025-01-25,104746.85,1501.0,1430.9557774607704,4.878232044546151
2025-01-26 00:00:00+00:00,2025-01-26 09:00:00+09:00,156100000.0,2025-01-26,102620.0,1524.0,1430.9557774607704,6.302794216509996
2025-01-27 00:00:00+00:00,2025-01-27 09:00:00+09:00,154919000.0,2025-01-27,102082.83,1519.0,1433.5115864527627,5.864603711472338
2025-01-28 00:00:00+00:00,2025-01-28 09:00:00+09:00,155919000.0,2025-01-28,101335.52,1539.0,1446.8077474892393,6.347311349363033
2025-01-29 00:00:00+00:00,2025-01-29 09:00:00+09:00,158859000.0,2025-01-29,103733.24,1534.0,1445.4253037884203,5.949333319737799
2025-01-30 00:00:00+00:00,2025-01-30 09:00:00+09:00,158139000.0,2025-01-30,104722.94,1508.0,1442.0921099607283,4.7138581498739125
2025-01-31 00:00:00+00:00,2025-01-31 09:00:00+09:00,156580000.0,2025-01-31,102429.56,1527.0,1451.2160228898426,5.336507946370958
2025-02-01 00:00:00+00:00,2025-02-01 09:00:00+09:00,157330000.0,2025-02-01,100635.65,1564.0,1451.2160228898426,7.727758079897636
2025-02-02 00:00:00+00:00,2025-02-02 09:00:00+09:00,154000000.0,2025-02-02,97700.59,1577.0,1451.2160228898426,8.615415943958878
2025-02-03 00:00:00+00:00,2025-02-03 09:00:00+09:00,158217000.0,2025-02-03,101328.52,1563.0,1465.8631690889756,6.519228694199636
2025-02-04 00:00:00+00:00,2025-02-04 09:00:00+09:00,154122000.0,2025-02-04,97763.13,1576.0,1456.8270944741532,8.213521102724668
2025-02-05 00:00:00+00:00,2025-02-05 09:00:00+09:00,151450000.0,2025-02-05,96612.43,1567.0,1445.3342867357885,8.459592087987325
2025-02-06 00:00:00+00:00,2025-02-06 09:00:00+09:00,151356000.0,2025-02-06,96554.35,1566.0,1450.9824937477672,8.035285653064689
2025-02-07 00:00:00+00:00,2025-02-07 09:00:00+09:00,149601000.0,2025-02-07,96506.8,1550.0,1445.1971326164874,7.262888984490693
2025-02-08 00:00:00+00:00,2025-02-08 09:00:00+09:00,148803000.0,2025-02-08,96444.74,1542.0,1445.1971326164874,6.759381529019929
2025-02-09 00:00:00+00:00,2025-02-09 09:00:00+09:00,147579000.0,2025-02-09,96462.75,1532.0,1445.1971326164874,5.861448757260939
2025-02-10 00:00:00+00:00,2025-02-10 09:00:00+09:00,147724000.0,2025-02-10,97430.82,1516.0,1449.696102967465,4.587005745041939
2025-02-11 00:00:00+00:00,2025-02-11 09:00:00+09:00,146020000.0,2025-02-11,95778.2,1526.0,1453.589375448672,4.882717952908723
2025-02-12 00:00:00+00:00,2025-02-12 09:00:00+09:00,147846000.0,2025-02-12,97869.99,1511.0,1453.3791109504878,3.9396191722983085
2025-02-13 00:00:00+00:00,2025-02-13 09:00:00+09:00,145877000.0,2025-02-13,96608.14,1509.0,1448.8759970993474,4.2177961136342885
2025-02-14 00:00:00+00:00,2025-02-14 09:00:00+09:00,146551000.0,2025-02-14,97500.48,1505.0,1438.6091995653749,4.48145195817636
2025-02-15 00:00:00+00:00,2025-02-15 09:00:00+09:00,147501000.0,2025-02-15,97569.66,1512.0,1438.6091995653749,5.084180051803313
2025-02-16 00:00:00+00:00,2025-02-16 09:00:00+09:00,145625000.0,2025-02-16,96118.12,1513.0,1438.6091995653749,5.314419309810214
2025-02-17 00:00:00+00:00,2025-02-17 09:00:00+09:00,144390000.0,2025-02-17,95780.0,1508.0,1443.3188090050835,4.447972102411833
2025-02-18 00:00:00+00:00,2025-02-18 09:00:00+09:00,143728000.0,2025-02-18,95671.74,1504.0,1440.500362581581,4.290401105300369
2025-02-19 00:00:00+00:00,2025-02-19 09:00:00+09:00,144312000.0,2025-02-19,96644.37,1493.0,1441.0914347668954,3.6177957323504097
2025-02-20 00:00:00+00:00,2025-02-20 09:00:00+09:00,145719000.0,2025-02-20,98305.0,1482.0,1438.9488840892727,3.0137525915928585
2025-02-21 00:00:00+00:00,2025-02-21 09:00:00+09:00,142859000.0,2025-02-21,96181.98,1485.0,1434.4616492617934,3.5440030171209296
2025-02-22 00:00:00+00:00,2025-02-22 09:00:00+09:00,142300000.0,2025-02-22,96551.01,1474.0,1434.4616492617934,2.744631090377991
2025-02-23 00:00:00+00:00,2025-02-23 09:00:00+09:00,141364000.0,2025-02-23,96258.0,1468.0,1434.4616492617934,2.37951072786183
2025-02-24 00:00:00+00:00,2025-02-24 09:00:00+09:00,132135000.0,2025-02-24,91552.88,1446.0,1427.2270114942528,1.1236651703763902
2025-02-25 00:00:00+00:00,2025-02-25 09:00:00+09:00,129715000.0,2025-02-25,88680.4,1460.0,1433.7086814384309,2.0238343686751494
2025-02-26 00:00:00+00:00,2025-02-26 09:00:00+09:00,122784000.0,2025-02-26,84250.09,1458.0,1432.921511627907,1.706568429113585
2025-02-27 00:00:00+00:00,2025-02-27 09:00:00+09:00,124331000.0,2025-02-27,84708.58,1467.0,1442.742230347349,1.7333348363185852
2025-02-28 00:00:00+00:00,2025-02-28 09:00:00+09:00,124499000.0,2025-02-28,84349.94,1475.0,1460.1314348302299,1.0855629915719205
2025-03-01 00:00:00+00:00,2025-03-01 09:00:00+09:00,128320000.0,2025-03-01,86064.53,1490.0,1460.1314348302299,2.1123329638836768
2025-03-02 00:00:00+00:00,2025-03-02 09:00:00+09:00,142500000.0,2025-03-02,94270.0,1510.0,1460.1314348302299,3.5259933615570804
2025-03-03 00:00:00+00:00,2025-03-03 09:00:00+09:00,130094000.0,2025-03-03,86220.61,1509.0,1458.6181818181817,3.4438207973284674
2025-03-04 00:00:00+00:00,2025-03-04 09:00:00+09:00,130430000.0,2025-03-04,87281.98,1496.0,1459.68992248062,2.374618143864466
2025-03-05 00:00:00+00:00,2025-03-05 09:00:00+09:00,134990000.0,2025-03-05,90606.01,1490.0,1447.7416946621875,2.9090358391666524
2025-03-06 00:00:00+00:00,2025-03-06 09:00:00+09:00,133870000.0,2025-03-06,89931.89,1488.0,1447.9221265443653,2.8073909901273653
2025-03-07 00:00:00+00:00,2025-03-07 09:00:00+09:00,129522000.0,2025-03-07,86801.75,1492.0,1443.7852046564026,3.350474255577879
2025-03-08 00:00:00+00:00,2025-03-08 09:00:00+09:00,128531000.0,2025-03-08,86222.45,1492.0,1443.7852046564026,3.2487827680545154
2025-03-09 00:00:00+00:00,2025-03-09 09:00:00+09:00,121111000.0,2025-03-09,80734.37,1500.0,1443.7852046564026,3.9016734449519928
2025-03-10 00:00:00+00:00,2025-03-10 09:00:00+09:00,117477000.0,2025-03-10,78595.86,1491.0,1454.4871794871794,2.764539282878311
2025-03-11 00:00:00+00:00,2025-03-11 09:00:00+09:00,123232000.0,2025-03-11,82932.99,1483.0,1451.5654470011316,2.3669000465612795
2025-03-12 00:00:00+00:00,2025-03-12 09:00:00+09:00,123871000.0,2025-03-12,83680.12,1481.0,1451.58371040724,1.9777119054807657
2025-03-13 00:00:00+00:00,2025-03-13 09:00:00+09:00,120216000.0,2025-03-13,81115.78,1481.0,1454.8472274613353,1.8684115039367308
2025-03-14 00:00:00+00:00,2025-03-14 09:00:00+09:00,123878000.0,2025-03-14,83983.2,1475.0,1455.9168241965974,1.3130061651989144
2025-03-15 00:00:00+00:00,2025-03-15 09:00:00+09:00,124000000.0,2025-03-15,84338.44,1472.0,1455.9168241965974,0.9856248105520821
2025-03-16 00:00:00+00:00,2025-03-16 09:00:00+09:00,121749000.0,2025-03-16,82574.53,1474.0,1455.9168241965974,1.2704471739700087
2025-03-17 00:00:00+00:00,2025-03-17 09:00:00+09:00,122801000.0,2025-03-17,84010.03,1463.0,1448.5638699924414,0.9097464030750905
2025-03-18 00:00:00+00:00,2025-03-18 09:00:00+09:00,121272000.0,2025-03-18,82715.03,1467.0,1449.5440729483284,1.1450617492704076
2025-03-19 00:00:00+00:00,2025-03-19 09:00:00+09:00,127194000.0,2025-03-19,86845.94,1467.0,1457.3106060606062,0.49974952686569346
2025-03-20 00:00:00+00:00,2025-03-20 09:00:00+09:00,124297000.0,2025-03-20,84223.39,1475.5,1465.5172413793105,0.7017451202234469
2025-03-21 00:00:00+00:00,2025-03-21 09:00:00+09:00,124500000.0,2025-03-21,84088.79,1480.5,1463.169811320755,1.1897484247518662
2025-03-22 00:00:00+00:00,2025-03-22 09:00:00+09:00,124150000.0,2025-03-22,83840.59,1481.0,1463.169811320755,1.2039972160572394
2025-03-23 00:00:00+00:00,2025-03-23 09:00:00+09:00,126937000.0,2025-03-23,86082.5,1476.0,1463.169811320755,0.7809915243364253
2025-03-24 00:00:00+00:00,2025-03-24 09:00:00+09:00,128890000.0,2025-03-24,87498.16,1472.0,1466.7426833903457,0.43067297677211425
2025-03-25 00:00:00+00:00,2025-03-25 09:00:00+09:00,128823000.0,2025-03-25,87392.87,1473.5,1467.9604261796042,0.4160326816328828
2025-03-26 00:00:00+00:00,2025-03-26 09:00:00+09:00,128556000.0,2025-03-26,86909.17,1479.5,1464.3155100492986,1.01644628737534
2025-03-27 00:00:00+00:00,2025-03-27 09:00:00+09:00,128701000.0,2025-03-27,87232.01,1476.0,1465.6497175141244,0.664386976161534
2025-03-28 00:00:00+00:00,2025-03-28 09:00:00+09:00,125800000.0,2025-03-28,84424.38,1491.0,1468.1164901664145,1.4967753257592569
2025-03-29 00:00:00+00:00,2025-03-29 09:00:00+09:00,123378000.0,2025-03-29,82648.54,1493.0,1468.1164901664145,1.6815184391107092
2025-03-30 00:00:00+00:00,2025-03-30 09:00:00+09:00,123046000.0,2025-03-30,82389.99,1495.5,1468.1164901664145,1.72613244217855
2025-03-31 00:00:00+00:00,2025-03-31 09:00:00+09:00,123209000.0,2025-03-31,82550.01,1491.5,1473.2367518109036,1.3101032950905542
2025-04-01 00:00:00+00:00,2025-04-01 09:00:00+09:00,126632000.0,2025-04-01,85158.34,1485.5,1471.488389798249,1.055379923068966
2025-04-02 00:00:00+00:00,2025-04-02 09:00:00+09:00,122798000.0,2025-04-02,82516.29,1488.0,1462.8495842781556,1.7306753040938958
2025-04-03 00:00:00+00:00,2025-04-03 09:00:00+09:00,123244000.0,2025-04-03,83213.09,1482.0,1456.9455103607063,1.6554873097059226
2025-04-04 00:00:00+00:00,2025-04-04 09:00:00+09:00,123409000.0,2025-04-04,83889.87,1471.5,1443.6540621490078,1.8999977879019996
2025-04-05 00:00:00+00:00,2025-04-05 09:00:00+09:00,123300000.0,2025-04-05,83537.99,1477.0,1443.6540621490078,2.238841060907446
2025-04-06 00:00:00+00:00,2025-04-06 09:00:00+09:00,117517000.0,2025-04-06,78430.0,1498.0,1443.6540621490078,3.7899598473782414
2025-04-07 00:00:00+00:00,2025-04-07 09:00:00+09:00,118061000.0,2025-04-07,79163.24,1491.0,1464.8557512176847,1.8094370907248545
2025-04-08 00:00:00+00:00,2025-04-08 09:00:00+09:00,114489000.0,2025-04-08,76322.42,1499.5,1479.6533534287867,1.379850620290459
2025-04-09 00:00:00+00:00,2025-04-09 09:00:00+09:00,121339000.0,2025-04-09,82615.22,1470.5,1478.5986290936787,-0.6678013154345486
2025-04-10 00:00:00+00:00,2025-04-10 09:00:00+09:00,117936000.0,2025-04-10,79607.3,1481.0,1465.1877133105802,1.1114250473236835
2025-04-11 00:00:00+00:00,2025-04-11 09:00:00+09:00,121450000.0,2025-04-11,83423.84,1457.5,1432.0639756283322,1.658786829629089
2025-04-12 00:00:00+00:00,2025-04-12 09:00:00+09:00,123551000.0,2025-04-12,85276.9,1448.0,1432.0639756283322,1.1701608493080986
2025-04-13 00:00:00+00:00,2025-04-13 09:00:00+09:00,121577000.0,2025-04-13,83760.0,1452.5,1432.0639756283322,1.3566700806395462
2025-04-14 00:00:00+00:00,2025-04-14 09:00:00+09:00,122694000.0,2025-04-14,84591.58,1452.0,1418.5800604229607,2.2450607781502976
2025-04-15 00:00:00+00:00,2025-04-15 09:00:00+09:00,122158000.0,2025-04-15,83643.99,1460.0,1430.436432637571,2.098323163725726
2025-04-16 00:00:00+00:00,2025-04-16 09:00:00+09:00,121850000.0,2025-04-16,84030.38,1451.5,1421.900826446281,1.9811486746375415
2025-04-17 00:00:00+00:00,2025-04-17 09:00:00+09:00,122700000.0,2025-04-17,84947.91,1445.5,1417.2245204964274,1.9185430478895888
2025-04-18 00:00:00+00:00,2025-04-18 09:00:00+09:00,122288000.0,2025-04-18,84474.69,1447.0,1425.4731264193792,1.5542729522553775
2025-04-19 00:00:00+00:00,2025-04-19 09:00:00+09:00,122720000.0,2025-04-19,85077.01,1443.0,1425.4731264193792,1.1915140556476722
2025-04-20 00:00:00+00:00,2025-04-20 09:00:00+09:00,122746000.0,2025-04-20,85179.24,1443.0,1425.4731264193792,1.0914796732612104
2025-04-21 00:00:00+00:00,2025-04-21 09:00:00+09:00,126237000.0,2025-04-21,87516.23,1440.5,1425.4731264193792,1.1903341067570659
2025-04-22 00:00:00+00:00,2025-04-22 09:00:00+09:00,133855000.0,2025-04-22,93442.99,1434.0,1425.5074684029107,0.48896538334352574
2025-04-23 00:00:00+00:00,2025-04-23 09:00:00+09:00,134373000.0,2025-04-23,93691.08,1434.0,1425.2180508153206,0.6311542013581658
2025-04-24 00:00:00+00:00,2025-04-24 09:00:00+09:00,134650000.0,2025-04-24,93980.47,1434.5,1435.6242840778925,-0.20059566208860963
2025-04-25 00:00:00+00:00,2025-04-25 09:00:00+09:00,136416000.0,2025-04-25,94638.68,1444.5,1438.2791586998087,0.2197809961133417
2025-04-26 00:00:00+00:00,2025-04-26 09:00:00+09:00,136499000.0,2025-04-26,94628.0,1443.0,1438.2791586998087,0.29207600819943874
2025-04-27 00:00:00+00:00,2025-04-27 09:00:00+09:00,135150000.0,2025-04-27,93749.3,1443.0,1438.2791586998087,0.2316382954642094
2025-04-28 00:00:00+00:00,2025-04-28 09:00:00+09:00,136816000.0,2025-04-28,95011.18,1441.5,1444.4827586206895,-0.3104088769203804
2025-04-29 00:00:00+00:00,2025-04-29 09:00:00+09:00,136310000.0,2025-04-29,94256.82,1445.5,1434.0735068912709,0.8424808859899758
2025-04-30 00:00:00+00:00,2025-04-30 09:00:00+09:00,136050000.0,2025-04-30,94172.0,1444.0,1421.655328798186,1.6207591427857155
2025-05-01 00:00:00+00:00,2025-05-01 09:00:00+09:00,139145000.0,2025-05-01,96489.91,1441.5,1421.655328798186,1.4358298564884189
2025-05-02 00:00:00+00:00,2025-05-02 09:00:00+09:00,138636000.0,2025-05-02,96887.14,1430.5,1407.5373134328358,1.6599674886203182
2025-05-03 00:00:00+00:00,2025-05-03 09:00:00+09:00,137560000.0,2025-05-03,95856.42,1435.0,1407.5373134328358,1.9555907360110723
2025-05-04 00:00:00+00:00,2025-05-04 09:00:00+09:00,135652000.0,2025-05-04,94277.62,1438.0,1407.5373134328358,2.225130608097411
2025-05-05 00:00:00+00:00,2025-05-05 09:00:00+09:00,134890000.0,2025-05-05,94733.68,1425.0,1383.8709677419354,2.891559129720701
2025-05-06 00:00:00+00:00,2025-05-06 09:00:00+09:00,137400000.0,2025-05-06,96834.02,1419.5,1383.705602343464,2.5451374956309105
2025-05-07 00:00:00+00:00,2025-05-07 09:00:00+09:00,137660000.0,2025-05-07,97030.5,1419.5,1392.0857988165683,1.9139167776814152
2025-05-08 00:00:00+00:00,2025-05-08 09:00:00+09:00,144780000.0,2025-05-08,103261.6,1404.5,1400.444115470022,0.11610364962185576
2025-05-09 00:00:00+00:00,2025-05-09 09:00:00+09:00,143720000.0,2025-05-09,102971.99,1397.5,1399.739970282318,-0.28723978599638067
2025-05-10 00:00:00+00:00,2025-05-10 09:00:00+09:00,144964000.0,2025-05-10,104809.53,1385.5,1399.739970282318,-1.1874683773618973
2025-05-11 00:00:00+00:00,2025-05-11 09:00:00+09:00,145510000.0,2025-05-11,104118.0,1397.0,1399.739970282318,-0.1565316034740515
2025-05-12 00:00:00+00:00,2025-05-12 09:00:00+09:00,144875000.0,2025-05-12,102791.32,1410.5,1418.850317282568,-0.6654281523147112
2025-05-13 00:00:00+00:00,2025-05-13 09:00:00+09:00,145880000.0,2025-05-13,104103.72,1402.0,1425.1769087523278,-1.6757304291311188
2025-05-14 00:00:00+00:00,2025-05-14 09:00:00+09:00,145718000.0,2025-05-14,103507.82,1408.5,1394.940915805022,0.9216231889299302
2025-05-15 00:00:00+00:00,2025-05-15 09:00:00+09:00,146026000.0,2025-05-15,103763.71,1408.5,1397.0436067997043,0.7336882692653702
2025-05-16 00:00:00+00:00,2025-05-16 09:00:00+09:00,146465000.0,2025-05-16,103463.9,1416.5,1395.2451161076299,1.4599163981735783
2025-05-17 00:00:00+00:00,2025-05-17 09:00:00+09:00,146555000.0,2025-05-17,103126.65,1423.5,1395.2451161076299,1.854264864760232
2025-05-18 00:00:00+00:00,2025-05-18 09:00:00+09:00,150458000.0,2025-05-18,106454.26,1414.0,1395.2451161076299,1.2981999728690585
2025-05-19 00:00:00+00:00,2025-05-19 09:00:00+09:00,148699000.0,2025-05-19,105573.74,1408.0,1389.5429616087752,1.3631649026427943
2025-05-20 00:00:00+00:00,2025-05-20 09:00:00+09:00,150424000.0,2025-05-20,106849.99,1409.0,1392.3644411656217,1.1089787066056143
2025-05-21 00:00:00+00:00,2025-05-21 09:00:00+09:00,152356000.0,2025-05-21,109643.99,1391.0,1388.139362490734,0.10174800406118618
2025-05-22 00:00:00+00:00,2025-05-22 09:00:00+09:00,154861000.0,2025-05-22,111696.21,1387.5,1384.4084039808329,0.14733461165884237
2025-05-23 00:00:00+00:00,2025-05-23 09:00:00+09:00,149878000.0,2025-05-23,107318.3,1398.0,1368.8321167883212,2.026718399666681
2025-05-24 00:00:00+00:00,2025-05-24 09:00:00+09:00,150660000.0,2025-05-24,107761.91,1397.5,1368.8321167883212,2.1368586166062893
2025-05-25 00:00:00+00:00,2025-05-25 09:00:00+09:00,152133000.0,2025-05-25,109004.19,1395.5,1368.8321167883212,1.960052621172327
2025-05-26 00:00:00+00:00,2025-05-26 09:00:00+09:00,152195000.0,2025-05-26,109434.79,1390.0,1370.9251101321586,1.44513980146614
2025-05-27 00:00:00+00:00,2025-05-27 09:00:00+09:00,151323000.0,2025-05-27,108938.17,1388.0,1374.0822320117475,1.090918681164343
2025-05-28 00:00:00+00:00,2025-05-28 09:00:00+09:00,150280000.0,2025-05-28,107781.78,1394.5,1370.5085986095864,1.7358622164300217
2025-05-29 00:00:00+00:00,2025-05-29 09:00:00+09:00,147370000.0,2025-05-29,105589.75,1396.5,1375.3384559092572,1.479363695418615
2025-05-30 00:00:00+00:00,2025-05-30 09:00:00+09:00,147044000.0,2025-05-30,103985.48,1415.0,1380.0367647058822,2.4669834281044816
2025-05-31 00:00:00+00:00,2025-05-31 09:00:00+09:00,147932000.0,2025-05-31,104591.88,1415.5,1380.0367647058822,2.488114447888408
2025-06-01 00:00:00+00:00,2025-06-01 09:00:00+09:00,149100000.0,2025-06-01,105642.93,1411.0,1380.0367647058822,2.2695981088286494
2025-06-02 00:00:00+00:00,2025-06-02 09:00:00+09:00,148074000.0,2025-06-02,105857.99,1400.0,1375.719557195572,1.6775922911971282
2025-06-03 00:00:00+00:00,2025-06-03 09:00:00+09:00,147322000.0,2025-06-03,105376.89,1397.0,1374.3392070484583,1.7251392064367908
2025-06-04 00:00:00+00:00,2025-06-04 09:00:00+09:00,145210000.0,2025-06-04,104696.86,1388.0,1366.5331391114346,1.49454491656584
2025-06-05 00:00:00+00:00,2025-06-05 09:00:00+09:00,141588000.0,2025-06-05,101508.68,1396.0,1359.9927457381211,2.5620457782658628
2025-06-06 00:00:00+00:00,2025-06-06 09:00:00+09:00,145196000.0,2025-06-06,104288.44,1391.0,1358.5895117540686,2.477901499260071
2025-06-07 00:00:00+00:00,2025-06-07 09:00:00+09:00,146514000.0,2025-06-07,105552.15,1386.5,1358.5895117540686,2.170091849150877
2025-06-08 00:00:00+00:00,2025-06-08 09:00:00+09:00,145799000.0,2025-06-08,105734.0,1379.0,1358.5895117540686,1.4966306874000588
2025-06-09 00:00:00+00:00,2025-06-09 09:00:00+09:00,150330000.0,2025-06-09,110263.02,1365.0,1353.5985533453888,0.7223599149887261
2025-06-10 00:00:00+00:00,2025-06-10 09:00:00+09:00,150604000.0,2025-06-10,110274.39,1367.5,1366.7032564946944,-0.07190380090292128
2025-06-11 00:00:00+00:00,2025-06-11 09:00:00+09:00,149702000.0,2025-06-11,108645.12,1379.5,1373.5640648011781,0.31559612208747984
2025-06-12 00:00:00+00:00,2025-06-12 09:00:00+09:00,145801000.0,2025-06-12,105671.73,1378.0,1353.7023460410558,1.9244798001545063
2025-06-13 00:00:00+00:00,2025-06-13 09:00:00+09:00,147266000.0,2025-06-13,106066.59,1389.5,1366.3716814159293,1.6143472294101482
2025-06-14 00:00:00+00:00,2025-06-14 09:00:00+09:00,146401000.0,2025-06-14,105414.64,1390.0,1366.3716814159293,1.6422477802819553
2025-06-15 00:00:00+00:00,2025-06-15 09:00:00+09:00,145997000.0,2025-06-15,105594.01,1383.5,1366.3716814159293,1.1895807445542574
2025-06-16 00:00:00+00:00,2025-06-16 09:00:00+09:00,146673000.0,2025-06-16,106794.53,1374.5,1360.0886917960088,0.9796675263144933
2025-06-17 00:00:00+00:00,2025-06-17 09:00:00+09:00,145456000.0,2025-06-17,104551.17,1390.5,1364.4911504424779,1.9605148638818708
2025-06-18 00:00:00+00:00,2025-06-18 09:00:00+09:00,145380000.0,2025-06-18,104886.78,1386.0,1375.4444444444443,0.7722274309789909
2025-06-19 00:00:00+00:00,2025-06-19 09:00:00+09:00,144978000.0,2025-06-19,104658.59,1386.0,1375.4444444444443,0.712684282397011
2025-06-20 00:00:00+00:00,2025-06-20 09:00:00+09:00,143956000.0,2025-06-20,103297.99,1393.5,1368.7961595273266,1.8120358417801286
2025-06-21 00:00:00+00:00,2025-06-21 09:00:00+09:00,142782000.0,2025-06-21,102120.01,1397.5,1368.7961595273266,2.1465809024171976
2025-06-22 00:00:00+00:00,2025-06-22 09:00:00+09:00,140908000.0,2025-06-22,100963.87,1395.5,1368.7961595273266,1.960248139242434
2025-06-23 00:00:00+00:00,2025-06-23 09:00:00+09:00,146182000.0,2025-06-23,105333.93,1387.0,1386.9549012299665,0.06063895722273909
2025-06-24 00:00:00+00:00,2025-06-24 09:00:00+09:00,145625000.0,2025-06-24,106083.0,1374.0,1357.7022534170667,1.108020211789147
2025-06-25 00:00:00+00:00,2025-06-25 09:00:00+09:00,147365000.0,2025-06-25,107340.58,1373.5,1361.235119047619,0.8549609867858117
2025-06-26 00:00:00+00:00,2025-06-26 09:00:00+09:00,146852000.0,2025-06-26,106947.06,1372.5,1354.0934579439252,1.4057019180547483
2025-06-27 00:00:00+00:00,2025-06-27 09:00:00+09:00,147058000.0,2025-06-27,107047.59,1373.5,1358.505444986857,1.1231006367461505
2025-06-28 00:00:00+00:00,2025-06-28 09:00:00+09:00,147174000.0,2025-06-28,107296.79,1372.0,1358.505444986857,0.9678203034626015
2025-06-29 00:00:00+00:00,2025-06-29 09:00:00+09:00,147996000.0,2025-06-29,108356.93,1366.0,1358.505444986857,0.5383844160019851
2025-06-30 00:00:00+00:00,2025-06-30 09:00:00+09:00,145759000.0,2025-06-30,107146.5,1359.5,1353.9498315237738,0.4742604964608227
2025-07-01 00:00:00+00:00,2025-07-01 09:00:00+09:00,145019000.0,2025-07-01,105681.14,1372.5,1352.2770041400074,1.475629430091753
2025-07-02 00:00:00+00:00,2025-07-02 09:00:00+09:00,147372000.0,2025-07-02,108849.6,1355.0,1358.8102409638554,-0.361007248504747
2025-07-03 00:00:00+00:00,2025-07-03 09:00:00+09:00,148737000.0,2025-07-03,109584.78,1358.0,1360.5798192771085,-0.24268476368707617
2025-07-04 00:00:00+00:00,2025-07-04 09:00:00+09:00,147797000.0,2025-07-04,107984.24,1368.0,1364.625850340136,0.2978558425714027
2025-07-05 00:00:00+00:00,2025-07-05 09:00:00+09:00,148197000.0,2025-07-05,108198.12,1369.5,1364.625850340136,0.3705036704723514
2025-07-06 00:00:00+00:00,2025-07-06 09:00:00+09:00,148500000.0,2025-07-06,109203.84,1361.0,1364.625850340136,-0.35053997246615953
2025-07-07 00:00:00+00:00,2025-07-07 09:00:00+09:00,148100000.0,2025-07-07,108262.94,1368.0,1370.7105064247921,-0.20023923357668869
2025-07-08 00:00:00+00:00,2025-07-08 09:00:00+09:00,148302000.0,2025-07-08,108922.98,1362.0,1368.2317304051496,-0.4897458308840385
2025-07-09 00:00:00+00:00,2025-07-09 09:00:00+09:00,150701000.0,2025-07-09,111233.99,1357.0,1376.873335869152,-1.6023721279994654
2025-07-10 00:00:00+00:00,2025-07-10 09:00:00+09:00,156519000.0,2025-07-10,116010.0,1349.5,1371.5530303030303,-1.6308239461701026
2025-07-11 00:00:00+00:00,2025-07-11 09:00:00+09:00,158187000.0,2025-07-11,117527.66,1346.5,1375.311438278596,-2.1344940998395256
2025-07-12 00:00:00+00:00,2025-07-12 09:00:00+09:00,159681000.0,2025-07-12,117420.0,1359.5,1375.311438278596,-1.1196231998508344
2025-07-13 00:00:00+00:00,2025-07-13 09:00:00+09:00,161740000.0,2025-07-13,119086.64,1357.5,1375.311438278596,-1.246307825384116
2025-07-14 00:00:00+00:00,2025-07-14 09:00:00+09:00,163923000.0,2025-07-14,119841.18,1367.5,1381.6287878787878,-0.9983475981729747
2025-07-15 00:00:00+00:00,2025-07-15 09:00:00+09:00,160811000.0,2025-07-15,117758.09,1366.5,1378.1143506247633,-0.9077374841524958
2025-07-16 00:00:00+00:00,2025-07-16 09:00:00+09:00,161250000.0,2025-07-16,118630.43,1359.5,1387.0124952669444,-2.000638715357454
2025-07-17 00:00:00+00:00,2025-07-17 09:00:00+09:00,162232000.0,2025-07-17,119177.56,1361.0,1390.1477832512317,-2.077822774140671
2025-07-18 00:00:00+00:00,2025-07-18 09:00:00+09:00,161100000.0,2025-07-18,117924.84,1367.0,1391.2795125666414,-1.8080567764719075
2025-07-19 00:00:00+00:00,2025-07-19 09:00:00+09:00,161428000.0,2025-07-19,117840.0,1370.5,1391.2795125666414,-1.5372996032503767
2025-07-20 00:00:00+00:00,2025-07-20 09:00:00+09:00,160072000.0,2025-07-20,117265.12,1365.0,1391.2795125666414,-1.885740832543441
2025-07-21 00:00:00+00:00,2025-07-21 09:00:00+09:00,160096000.0,2025-07-21,117380.36,1364.5,1387.1765601217655,-1.6774117601051182
2025-07-22 00:00:00+00:00,2025-07-22 09:00:00+09:00,162321000.0,2025-07-22,119954.42,1355.5,1387.5190839694658,-2.474207243907803
2025-07-23 00:00:00+00:00,2025-07-23 09:00:00+09:00,161990000.0,2025-07-23,118755.99,1365.0,1379.2316470140738,-1.100187716106152
2025-07-24 00:00:00+00:00,2025-07-24 09:00:00+09:00,160928000.0,2025-07-24,118340.99,1361.0,1370.1402046229634,-0.7497965644536988
2025-07-25 00:00:00+00:00,2025-07-25 09:00:00+09:00,160217000.0,2025-07-25,117614.31,1364.0,1382.2205265165967,-1.4467178524704614
2025-07-26 00:00:00+00:00,2025-07-26 09:00:00+09:00,160900000.0,2025-07-26,117919.99,1364.5,1382.2205265165967,-1.283153756061632
2025-07-27 00:00:00+00:00,2025-07-27 09:00:00+09:00,162717000.0,2025-07-27,119415.55,1363.0,1382.2205265165967,-1.4186622503659336
2025-07-28 00:00:00+00:00,2025-07-28 09:00:00+09:00,162483000.0,2025-07-28,118062.32,1377.0,1385.2527556062334,-0.6500636588058524
2025-07-29 00:00:00+00:00,2025-07-29 09:00:00+09:00,163158000.0,2025-07-29,117950.76,1385.0,1390.3274369589763,-0.5074559032337693
2025-07-30 00:00:00+00:00,2025-07-30 09:00:00+09:00,163118000.0,2025-07-30,117840.3,1385.0,1381.4344415390362,0.20231814729564698
2025-07-31 00:00:00+00:00,2025-07-31 09:00:00+09:00,161398000.0,2025-07-31,115764.08,1395.0,1392.785046728972,0.1014177786893112
2025-08-01 00:00:00+00:00,2025-08-01 09:00:00+09:00,158102000.0,2025-08-01,113297.93,1394.0,1406.3694267515923,-0.7761733452087972
2025-08-02 00:00:00+00:00,2025-08-02 09:00:00+09:00,157376000.0,2025-08-02,112546.35,1400.0,1406.3694267515923,-0.5722363803182308
2025-08-03 00:00:00+00:00,2025-08-03 09:00:00+09:00,160227000.0,2025-08-03,114208.8,1403.0,1406.3694267515923,-0.24453066968418113
2025-08-04 00:00:00+00:00,2025-08-04 09:00:00+09:00,160332000.0,2025-08-04,115055.03,1394.0,1385.4252529037094,0.58460170788682
2025-08-05 00:00:00+00:00,2025-08-05 09:00:00+09:00,159999000.0,2025-08-05,114129.75,1401.0,1391.3663663663663,0.7573882274891347
2025-08-06 00:00:00+00:00,2025-08-06 09:00:00+09:00,160000000.0,2025-08-06,114992.27,1392.0,1390.2292371288988,0.08406072907484634
2025-08-07 00:00:00+00:00,2025-08-07 09:00:00+09:00,161853000.0,2025-08-07,117472.01,1378.0,1379.6142208774584,-0.131462168517981
2025-08-08 00:00:00+00:00,2025-08-08 09:00:00+09:00,160099000.0,2025-08-08,116674.74,1372.0,1390.7604562737642,-1.3358352504353586
2025-08-09 00:00:00+00:00,2025-08-09 09:00:00+09:00,160180000.0,2025-08-09,116462.25,1377.0,1390.7604562737642,-1.1058096399305724
2025-08-10 00:00:00+00:00,2025-08-10 09:00:00+09:00,163859000.0,2025-08-10,119294.01,1373.0,1390.7604562737642,-1.2358503375544494
2025-08-11 00:00:00+00:00,2025-08-11 09:00:00+09:00,164210000.0,2025-08-11,118686.0,1383.0,1390.2857142857142,-0.48328138173971225
2025-08-12 00:00:00+00:00,2025-08-12 09:00:00+09:00,164298000.0,2025-08-12,120134.08,1368.0,1389.1748675246026,-1.5514934495578223
2025-08-13 00:00:00+00:00,2025-08-13 09:00:00+09:00,168051000.0,2025-08-13,123306.43,1364.0,1376.4861794774706,-0.9889829281336076
2025-08-14 00:00:00+00:00,2025-08-14 09:00:00+09:00,164723000.0,2025-08-14,118295.09,1392.0,1386.7931688804554,0.40973721724749773
2025-08-15 00:00:00+00:00,2025-08-15 09:00:00+09:00,164122000.0,2025-08-15,117342.05,1397.0,1386.7931688804554,0.8559293825298906
2025-08-16 00:00:00+00:00,2025-08-16 09:00:00+09:00,163058000.0,2025-08-16,117380.66,1390.0,1386.7931688804554,0.16912273702237515
2025-08-17 00:00:00+00:00,2025-08-17 09:00:00+09:00,163111000.0,2025-08-17,117405.01,1390.0,1386.7931688804554,0.180899479731425
2025-08-18 00:00:00+00:00,2025-08-18 09:00:00+09:00,161513000.0,2025-08-18,116227.05,1391.0,1385.850133130468,0.27299829246912627
2025-08-19 00:00:00+00:00,2025-08-19 09:00:00+09:00,157172000.0,2025-08-19,112872.94,1394.0,1389.9005355776587,0.18475028787323286
2025-08-20 00:00:00+00:00,2025-08-20 09:00:00+09:00,159149000.0,2025-08-20,114271.24,1394.0,1398.928024502297,-0.4430453262499412
2025-08-21 00:00:00+00:00,2025-08-21 09:00:00+09:00,157737000.0,2025-08-21,112500.0,1403.0,1397.2807353504404,0.34538022275215663
2025-08-22 00:00:00+00:00,2025-08-22 09:00:00+09:00,161176000.0,2025-08-22,116935.99,1379.0,1390.249433106576,-0.8575949715045446
2025-08-23 00:00:00+00:00,2025-08-23 09:00:00+09:00,159705000.0,2025-08-23,115438.05,1384.0,1390.249433106576,-0.48769073988174094
2025-08-24 00:00:00+00:00,2025-08-24 09:00:00+09:00,157603000.0,2025-08-24,113493.59,1389.0,1390.249433106576,-0.11496647304633889
2025-08-25 00:00:00+00:00,2025-08-25 09:00:00+09:00,155887000.0,2025-08-25,110111.98,1415.0,1386.4103540159879,2.1135874500738074
2025-08-26 00:00:00+00:00,2025-08-26 09:00:00+09:00,156661000.0,2025-08-26,111763.22,1401.0,1397.1080669710807,0.3302717146867563
2025-08-27 00:00:00+00:00,2025-08-27 09:00:00+09:00,155534000.0,2025-08-27,111262.01,1399.0,1397.3794151158374,0.037792217370735556
2025-08-28 00:00:00+00:00,2025-08-28 09:00:00+09:00,156737000.0,2025-08-28,112566.9,1394.0,1387.5094625283878,0.3517314726829746
2025-08-29 00:00:00+00:00,2025-08-29 09:00:00+09:00,152262000.0,2025-08-29,108377.4,1405.0,1391.663494480396,0.952846027185285
2025-08-30 00:00:00+00:00,2025-08-30 09:00:00+09:00,151734000.0,2025-08-30,108816.33,1395.0,1391.663494480396,0.19697198742783711
2025-08-31 00:00:00+00:00,2025-08-31 09:00:00+09:00,150700000.0,2025-08-31,108246.35,1393.0,1391.663494480396,0.038174019054879826
2025-09-01 00:00:00+00:00,2025-09-01 09:00:00+09:00,152419000.0,2025-09-01,109237.42,1396.0,1392.0951650038376,0.23023499008590131
2025-09-02 00:00:00+00:00,2025-09-02 09:00:00+09:00,154850000.0,2025-09-02,111240.01,1393.0,1394.2139322421012,-0.1562757484412561
2025-09-03 00:00:00+00:00,2025-09-03 09:00:00+09:00,154890000.0,2025-09-03,111705.71,1387.0,1389.806009889692,-0.23141307119382176
2025-09-04 00:00:00+00:00,2025-09-04 09:00:00+09:00,155410000.0,2025-09-04,110730.87,1405.0,1393.699885452463,0.7026696536937357
2025-09-05 00:00:00+00:00,2025-09-05 09:00:00+09:00,154930000.0,2025-09-05,110659.99,1401.0,1390.325047801147,0.6997859145629125
2025-09-06 00:00:00+00:00,2025-09-06 09:00:00+09:00,154325000.0,2025-09-06,110187.97,1401.0,1390.325047801147,0.7362446038296615
2025-09-07 00:00:00+00:00,2025-09-07 09:00:00+09:00,155001000.0,2025-09-07,111137.34,1395.0,1390.325047801147,0.3132162582258848
2025-09-08 00:00:00+00:00,2025-09-08 09:00:00+09:00,156048000.0,2025-09-08,112065.23,1393.0,1388.5736196319017,0.28094314922463887
2025-09-09 00:00:00+00:00,2025-09-09 09:00:00+09:00,155450000.0,2025-09-09,111546.39,1394.0,1387.5335634829307,0.43653224577897487
2025-09-10 00:00:00+00:00,2025-09-10 09:00:00+09:00,158561000.0,2025-09-10,113960.0,1393.0,1389.3170545593284,0.14806640486325362
2025-09-11 00:00:00+00:00,2025-09-11 09:00:00+09:00,160375000.0,2025-09-11,115482.69,1390.0,1392.6279602750192,-0.2794494849277414
2025-09-12 00:00:00+00:00,2025-09-12 09:00:00+09:00,161101000.0,2025-09-12,116029.42,1389.0,1391.1213164944509,-0.1920559958386185
2025-09-13 00:00:00+00:00,2025-09-13 09:00:00+09:00,160536000.0,2025-09-13,115918.29,1385.0,1391.1213164944509,-0.44674454586876033
2025-09-14 00:00:00+00:00,2025-09-14 09:00:00+09:00,160338000.0,2025-09-14,115268.01,1391.0,1391.1213164944509,-0.008597235649698885
2025-09-15 00:00:00+00:00,2025-09-15 09:00:00+09:00,160705000.0,2025-09-15,115349.71,1394.0,1388.108937476026,0.36662757964019593
2025-09-16 00:00:00+00:00,2025-09-16 09:00:00+09:00,162167000.0,2025-09-16,116788.96,1390.0,1381.1422000766577,0.5361607276187623
2025-09-17 00:00:00+00:00,2025-09-17 09:00:00+09:00,161468000.0,2025-09-17,116447.59,1386.0,1378.31926323868,0.6018889530188779
2025-09-18 00:00:00+00:00,2025-09-18 09:00:00+09:00,162478000.0,2025-09-18,117073.53,1389.0,1386.2095531587058,0.11680085489801388
2025-09-19 00:00:00+00:00,2025-09-19 09:00:00+09:00,162138000.0,2025-09-19,115632.38,1402.0,1395.3076923076924,0.49289522438066685
2025-09-20 00:00:00+00:00,2025-09-20 09:00:00+09:00,162236000.0,2025-09-20,115685.63,1403.0,1395.3076923076924,0.5073507256130333
2025-09-21 00:00:00+00:00,2025-09-21 09:00:00+09:00,161412000.0,2025-09-21,115232.29,1401.0,1395.3076923076924,0.3902735389757679
2025-09-22 00:00:00+00:00,2025-09-22 09:00:00+09:00,160730000.0,2025-09-22,112650.99,1426.0,1391.2125863392173,2.5577380793218363
2025-09-23 00:00:00+00:00,2025-09-23 09:00:00+09:00,159679000.0,2025-09-23,111998.8,1426.0,1394.044856921887,2.2722206994916507
2025-09-24 00:00:00+00:00,2025-09-24 09:00:00+09:00,160700000.0,2025-09-24,113307.0,1418.0,1398.688271604938,1.4000577995403258
2025-09-25 00:00:00+00:00,2025-09-25 09:00:00+09:00,158200000.0,2025-09-25,108994.49,1451.0,1401.3513513513515,3.574989728898287
2025-09-26 00:00:00+00:00,2025-09-26 09:00:00+09:00,158128000.0,2025-09-26,109643.46,1442.0,1410.3474903474905,2.2586172624990732
2025-09-27 00:00:00+00:00,2025-09-27 09:00:00+09:00,157895000.0,2025-09-27,109635.85,1440.0,1410.3474903474905,2.115027705550431
2025-09-28 00:00:00+00:00,2025-09-28 09:00:00+09:00,160579000.0,2025-09-28,112163.95,1432.0,1410.3474903474905,1.5101159456865907
2025-09-29 00:00:00+00:00,2025-09-29 09:00:00+09:00,162976000.0,2025-09-29,114311.96,1427.0,1400.423076923077,1.8058477183422392
2025-09-30 00:00:00+00:00,2025-09-30 09:00:00+09:00,162828000.0,2025-09-30,114048.93,1427.0,1401.5824006175221,1.8636509481532222
2025-10-01 00:00:00+00:00,2025-10-01 09:00:00+09:00,168424000.0,2025-10-01,118594.99,1420.0,1403.7567776917117,1.1686066018509724
2025-10-02 00:00:00+00:00,2025-10-02 09:00:00+09:00,170704000.0,2025-10-02,120529.35,1417.0,1401.3157894736842,1.0682783630179291
2025-10-03 00:00:00+00:00,2025-10-03 09:00:00+09:00,173460000.0,2025-10-03,122232.0,1419.0,1406.7908420644162,0.8753121653407867
2025-10-04 00:00:00+00:00,2025-10-04 09:00:00+09:00,174964000.0,2025-10-04,122391.0,1430.0,1406.7908420644162,1.617775410362146
2025-10-05 00:00:00+00:00,2025-10-05 09:00:00+09:00,177024000.0,2025-10-05,123482.31,1434.0,1406.7908420644162,1.905558143082987
2025-10-06 00:00:00+00:00,2025-10-06 09:00:00+09:00,177536000.0,2025-10-06,124658.54,1425.0,1413.7315748642359,0.7389539126283878
2025-10-07 00:00:00+00:00,2025-10-07 09:00:00+09:00,175460000.0,2025-10-07,121332.95,1448.0,1413.4444013948082,2.3106015634823955
2025-10-08 00:00:00+00:00,2025-10-08 09:00:00+09:00,178011000.0,2025-10-08,123306.0,1443.0,1426.5290222049086,1.2003509596957733
2025-10-09 00:00:00+00:00,2025-10-09 09:00:00+09:00,177616000.0,2025-10-09,121662.4,1460.0,1418.6919504643963,2.9052664017740115
2025-10-10 00:00:00+00:00,2025-10-10 09:00:00+09:00,172257000.0,2025-10-10,112774.5,1535.0,1420.548474314407,7.525113843218799
2025-10-11 00:00:00+00:00,2025-10-11 09:00:00+09:00,170390000.0,2025-10-11,110644.4,1541.0,1420.548474314407,8.407319682843092
2025-10-12 00:00:00+00:00,2025-10-12 09:00:00+09:00,171235000.0,2025-10-12,111726.03,1532.0,1420.548474314407,7.890228521302461
